{"cameraMode":{"drawMode":0,"name":"Shaded","section":"Shading Mode"},"sceneLighting":true,"audioPlay":false,"sceneViewState":{"m_AlwaysRefresh":false,"showFog":true,"showSkybox":true,"showFlares":true,"showImageEffects":true,"showParticleSystems":true,"showVisualEffectGraphs":true,"m_FxEnabled":true},"in2DMode":false,"pivot":{"x":9.530346870422364,"y":1.3651336431503297,"z":8.055679321289063},"rotation":{"x":-0.002901772502809763,"y":0.6676796078681946,"z":-0.0026026475243270399,"w":-0.7444412112236023},"size":1.6692228317260743,"orthographic":false}