{"cameraMode":{"drawMode":0,"name":"Shaded","section":"Shading Mode"},"sceneLighting":true,"audioPlay":false,"sceneViewState":{"m_AlwaysRefresh":false,"showFog":true,"showSkybox":true,"showFlares":true,"showImageEffects":true,"showParticleSystems":true,"showVisualEffectGraphs":true,"m_FxEnabled":true},"in2DMode":false,"pivot":{"x":18.71356773376465,"y":2.7301573753356935,"z":11.588510513305664},"rotation":{"x":0.034237008541822436,"y":0.7802839875221252,"z":-0.04287918657064438,"w":0.6230189800262451},"size":2.124284505844116,"orthographic":false}