{"cameraMode":{"drawMode":0,"name":"Shaded","section":"Shading Mode"},"sceneLighting":true,"audioPlay":false,"sceneViewState":{"m_AlwaysRefresh":false,"showFog":true,"showSkybox":true,"showFlares":true,"showImageEffects":true,"showParticleSystems":true,"showVisualEffectGraphs":true,"m_FxEnabled":true},"in2DMode":false,"pivot":{"x":922.7822265625,"y":543.0484008789063,"z":4.7449798583984379},"rotation":{"x":-0.03659195452928543,"y":0.010492940433323384,"z":0.0003843698068521917,"w":0.9992771148681641},"size":84.85281372070313,"orthographic":false}