{"cameraMode":{"drawMode":0,"name":"Shaded","section":"Shading Mode"},"sceneLighting":true,"audioPlay":false,"sceneViewState":{"m_AlwaysRefresh":false,"showFog":true,"showSkybox":true,"showFlares":true,"showImageEffects":true,"showParticleSystems":true,"showVisualEffectGraphs":true,"m_FxEnabled":true},"in2DMode":false,"pivot":{"x":7.059999942779541,"y":0.7860000133514404,"z":5.920000076293945},"rotation":{"x":0.020817434415221216,"y":0.7325713634490967,"z":0.022423790767788888,"w":-0.6800081133842468},"size":0.8988286256790161,"orthographic":false}