{"cameraMode":{"drawMode":0,"name":"Shaded","section":"Shading Mode"},"sceneLighting":false,"audioPlay":false,"sceneViewState":{"m_AlwaysRefresh":false,"showFog":true,"showSkybox":false,"showFlares":true,"showImageEffects":true,"showParticleSystems":true,"showVisualEffectGraphs":true,"m_FxEnabled":true},"in2DMode":false,"pivot":{"x":0.2953188419342041,"y":0.20010411739349366,"z":0.688870370388031},"rotation":{"x":0.019824793562293054,"y":0.5132222771644592,"z":0.011856870725750924,"w":-0.8579497337341309},"size":0.4925512969493866,"orthographic":false}